{
  "AAPL": {
    "a": 0.000366330289105926,
    "b": 0.012462752649040927
  }
}