{"A": -0.2671242333725981, "B": 0.43684800616233654}