{"A": -1.192938011829786, "B": 1.487573573314095}