{"A": 0.48233789074100525, "B": -1.0178913542804908}