{"A": 1.4630328289640624, "B": 1.3157594288602186}