{"A": -1.678761066060316, "B": 1.4659370459259837}