{"A": -2.7444500202238857, "B": 1.5635448214157153}