{"A": -1.6261682889752467, "B": 2.6192336246381362}