{"A": -0.1497622944642758, "B": 2.2816552390124887}