{"A": 0.2614354941776279, "B": 0.3711393671986337}