{"A": -0.553947459945244, "B": 0.6886443350089382}