{
  "AAPL": {
    "a": -5.8157456041323385,
    "b": 0.011348338399492236
  }
}