{
  "AAPL_L60_H10": {
    "a": 1.2268281061111281,
    "b": 0.004852935582487041
  },
  "AAPL": {
    "a": 2.78433074914064,
    "b": 0.0025389910547133757
  }
}