{
  "AAPL": {
    "a": 2.784453404742228,
    "b": 0.0025388774580309107
  }
}