{
  "AAPL": {
    "a": 2.784447323143208,
    "b": 0.0025388830888568637
  }
}