{
  "AAPL": {
    "a": -5.81558100482934,
    "b": 0.011348184729958487
  }
}