{
  "AAPL_L60_H10": {
    "a": 1.2268281061111281,
    "b": 0.004852935582487041
  },
  "AAPL": {
    "a": 9.880454907282946,
    "b": -0.0047296676227659255
  }
}