{
  "AAPL": {
    "a": 2.78433074914064,
    "b": 0.0025389910547133757
  }
}